{
    "PointMin": [ 6317.997559, 92.129951, 731.253906 ],
    "Radius": 100,
    "Positions": [[ 6423.632813, 80.234993, 1134.679688 ]]
}