{
    "PointMin": [ 8813.053711, 68.823990, 1651.510376 ],
    "PointMax": [ 8668.410156, 150.476456, 1797.680054 ],
    "Positions": [[ 6423.632813, 80.234993, 1134.679688 ]]
}